repo,views,view_uniques,clones,clone_uniques,stars,forks
M5Stack-Tab5,14,1,23,14,0,0
dtlab,11,4,63,43,0,0
esp-ble-kbd-host,0,0,7,6,0,0
esp-wolfssh-client,2,1,65,35,0,0
esp32-ble-kbd-host,16,7,75,37,1,0
esp32-gh-dashboard,52,16,150,110,0,0
esp32-idf-new,88,16,176,102,0,0
esp32-notes,13,10,47,43,0,0
esp32-p4-demos,28,15,54,45,1,0
esp32-p4-webradio,51,16,93,59,0,0
esp32-p4-wifi-starter,91,34,42,37,1,0
esp32-t4-demos,17,11,63,49,0,0
esp32-terminal,149,33,374,169,1,0
esp32-video-stream,29,6,100,78,0,0
esp32-wolfssh-client,12,4,117,71,0,0
github-traffic-log,54,7,317,221,0,0
m5stack-tab5-video-stream,24,5,63,42,0,0
shell-toys,7,4,20,20,0,0
